[
  {
    "platform" : "IPHONE",
    "searchTime" : "2021-07-08T19:46:02.527Z[UTC]",
    "searchQuery" : "hack",
    "searchInteractionURIs" : [
      "spotify:show:2iqGvJrjcLfv6jBSrlwsnG"
    ]
  },
  {
    "platform" : "IPHONE",
    "searchTime" : "2021-07-15T19:25:13.554Z[UTC]",
    "searchQuery" : "2021",
    "searchInteractionURIs" : [
      "spotify:playlist:4aIGsZIu48XaR37Go2PCmZ"
    ]
  },
  {
    "platform" : "IPHONE",
    "searchTime" : "2021-08-18T14:58:22.243Z[UTC]",
    "searchQuery" : "ordinarycs",
    "searchInteractionURIs" : [
      "spotify:user:zk7dgfe8t1vf41ykrtztov6cc"
    ]
  },
  {
    "platform" : "IPHONE",
    "searchTime" : "2021-08-22T10:33:52.377Z[UTC]",
    "searchQuery" : "artic ",
    "searchInteractionURIs" : [
      "spotify:artist:7Ln80lUS6He07XvHI8qqHH"
    ]
  }
]