{
  "tracks": [
    {
      "artist": "Spinning Workout",
      "album": "Spinning Music",
      "track": "Who Am I for Spinning Exercise",
      "uri": "spotify:track:1wXLanEUgW5Yt5ZXPKNExD"
    },
    {
      "artist": "Spinning Workout",
      "album": "Spinning Music",
      "track": "Magic Circus",
      "uri": "spotify:track:6RhDW8DCqg4DNyUX28Hi3c"
    },
    {
      "artist": "Spinning Workout",
      "album": "Spinning Music",
      "track": "You and Me",
      "uri": "spotify:track:0ocHsaaQd5692YQUTjnHgg"
    },
    {
      "artist": "Imagine Dragons",
      "album": "Evolve",
      "track": "Whatever It Takes",
      "uri": "spotify:track:4IWAyPf1KMq7JCyGeCjTeH"
    },
    {
      "artist": "Coldplay",
      "album": "X&Y",
      "track": "Fix You",
      "uri": "spotify:track:7LVHVU3tWfcxj5aiPFEW4Q"
    },
    {
      "artist": "Milky Chance",
      "album": "Sadnecessary",
      "track": "Fairytale",
      "uri": "spotify:track:1V64I2Z4XXrtPB562UFMaI"
    },
    {
      "artist": "3LAU",
      "album": "Fire (Remixes)",
      "track": "Fire - Price & Takis Remix",
      "uri": "spotify:track:5tyLZo7DHqD5TcZZCgAIcW"
    },
    {
      "artist": "Spinning Workout",
      "album": "Spinning Music",
      "track": "Tijuana",
      "uri": "spotify:track:4Agk8UCivUTteVLeG9A0GH"
    },
    {
      "artist": "Spinning Workout",
      "album": "Spinning Music",
      "track": "Turn It Up - Songs to Run To",
      "uri": "spotify:track:5JZCd9vADYpsfBTUbCBXSa"
    },
    {
      "artist": "Spinning Workout",
      "album": "Spinning Music",
      "track": "Fitness - Fitness Music",
      "uri": "spotify:track:3q2ZZeiOrfB6K8YKvaltBw"
    },
    {
      "artist": "Spinning Workout",
      "album": "Spinning Music",
      "track": "Hardtechno Spinning Music",
      "uri": "spotify:track:1dmlO0VhwEvsqRan21QxS2"
    },
    {
      "artist": "Spinning Workout",
      "album": "Spinning Music",
      "track": "Jump",
      "uri": "spotify:track:0FRIRBy1V81qI5qg77fwrv"
    },
    {
      "artist": "Spinning Workout",
      "album": "Spinning Music",
      "track": "Eivissa - Electro House Music",
      "uri": "spotify:track:0C4U0iyjQt7leYYiUEFMOs"
    },
    {
      "artist": "Spinning Workout",
      "album": "Spinning Music",
      "track": "Regeneration",
      "uri": "spotify:track:0UkyP56PB0613H61WaZIGQ"
    },
    {
      "artist": "Calvin Harris",
      "album": "This Is What You Came For (feat. Rihanna)",
      "track": "This Is What You Came For (feat. Rihanna)",
      "uri": "spotify:track:0azC730Exh71aQlOt9Zj3y"
    },
    {
      "artist": "Kungs",
      "album": "This Girl",
      "track": "This Girl - Kungs Vs. Cookin' On 3 Burners",
      "uri": "spotify:track:4AOpEhqA7zHxQjkHmRrAp7"
    },
    {
      "artist": "Spinning Workout",
      "album": "Spinning Music",
      "track": "Play the Game - Workout Music",
      "uri": "spotify:track:65m9HOY54fhXops3KzAoH3"
    },
    {
      "artist": "Spinning Workout",
      "album": "Spinning Music",
      "track": "Wow - Gym Music",
      "uri": "spotify:track:2PdZWAIJgMJ19NKLHWJx32"
    },
    {
      "artist": "Noel Gallagher's High Flying Birds",
      "album": "Noel Gallagher's high flying birds",
      "track": "If I Had A Gun...",
      "uri": "spotify:track:2fsEfkPXN8ofDAR6lWhSHL"
    },
    {
      "artist": "Marimba Remix",
      "album": "Marimba Remix Vol. 2",
      "track": "Hello Adele",
      "uri": "spotify:track:3XDgT3PeqynUptoz5Uw2jC"
    },
    {
      "artist": "Spinning Workout",
      "album": "Spinning Music",
      "track": "African Melody",
      "uri": "spotify:track:7Fo98iVAqDxGuJF3FxyMSY"
    },
    {
      "artist": "Nelly Furtado",
      "album": "The Best of Nelly Furtado",
      "track": "All Good Things (Come To An End)",
      "uri": "spotify:track:7mMUOanE2TX5yEvHLuBJv5"
    },
    {
      "artist": "Spinning Workout",
      "album": "Spinning Music",
      "track": "Acrylick",
      "uri": "spotify:track:2dckCTbWytICaNtK7kLwky"
    },
    {
      "artist": "Spinning Workout",
      "album": "Spinning Music",
      "track": "Automatic - Rave Music",
      "uri": "spotify:track:2mYRsNmDQ1RHvXztDubXuZ"
    },
    {
      "artist": "Spinning Workout",
      "album": "Spinning Music",
      "track": "Move Fast - Fast Songs",
      "uri": "spotify:track:5PPOP1RRnsOprF5XvIqNtj"
    },
    {
      "artist": "ZHU",
      "album": "Faded",
      "track": "Faded",
      "uri": "spotify:track:5YJZJDjUMv4XCq0KR46YPC"
    },
    {
      "artist": "Spinning Workout",
      "album": "Spinning Music",
      "track": "That's Cool",
      "uri": "spotify:track:4CwoqymcerdxYVdyClaG4S"
    },
    {
      "artist": "Spinning Workout",
      "album": "Spinning Music",
      "track": "Scream for Spinning Classes",
      "uri": "spotify:track:5UfgtX7RreUz4RIRziNCNB"
    },
    {
      "artist": "Spinning Workout",
      "album": "Spinning Music",
      "track": "Workout Party - Ibiza Party Mix",
      "uri": "spotify:track:442y8Szc75oovYWieznDLe"
    },
    {
      "artist": "Spinning Workout",
      "album": "Spinning Music",
      "track": "Running",
      "uri": "spotify:track:2VrbamC3hcAvIqC8CTURf0"
    },
    {
      "artist": "Spinning Workout",
      "album": "Spinning Music",
      "track": "Scrub - Running Music",
      "uri": "spotify:track:7F4uo2QtkVqJQ22rBGvry7"
    },
    {
      "artist": "Spinning Workout",
      "album": "Spinning Music",
      "track": "You Can Make It - Best Workout Music",
      "uri": "spotify:track:0U3CwBc7HJGJIxkSMYAVnP"
    },
    {
      "artist": "Mike Posner",
      "album": "At Night, Alone.",
      "track": "I Took A Pill In Ibiza - Seeb Remix",
      "uri": "spotify:track:17Fd6Yb7mSbinKG8LoWfFl"
    },
    {
      "artist": "Spinning Workout",
      "album": "Spinning Music",
      "track": "Born Again - Minimal Music",
      "uri": "spotify:track:54GuZR7EmbM4yYCrDLXqj2"
    },
    {
      "artist": "Spinning Workout",
      "album": "Spinning Music",
      "track": "Electro - Electronica Music",
      "uri": "spotify:track:3p2RlunbcQXQ2RXKt61qZe"
    },
    {
      "artist": "Spinning Workout",
      "album": "Spinning Music",
      "track": "Secret Code - Work Out Songs",
      "uri": "spotify:track:0vG1tKPTfetR614doofq2h"
    },
    {
      "artist": "Spinning Workout",
      "album": "Spinning Music",
      "track": "Fun - Eletro House Music",
      "uri": "spotify:track:3w4aGrMKDtP9IveKt5rIPb"
    },
    {
      "artist": "Spinning Workout",
      "album": "Spinning Music",
      "track": "Infinity for Indoor Cycling",
      "uri": "spotify:track:43GokOGoAPkre9lDfHcZM7"
    },
    {
      "artist": "Queen",
      "album": "A Night At The Opera",
      "track": "Bohemian Rhapsody - Remastered 2011",
      "uri": "spotify:track:1AhDOtG9vPSOmsWgNW0BEY"
    }
  ],
  "albums": [
    {
      "artist": "Spinning Workout",
      "album": "Spinning Music",
      "uri": "spotify:album:6UqwVf4I7F4QbIf4BiRzJF"
    }
  ],
  "shows": [
    {
      "name": "Actually",
      "publisher": "Will Media",
      "uri": "spotify:show:2sFbDQA0RLyAXO193eeCr5"
    },
    {
      "name": "Before Breakfast",
      "publisher": "iHeartRadio",
      "uri": "spotify:show:161WEFePuMUed0EZ30bK2l"
    },
    {
      "name": "Cachemire Podcast",
      "publisher": "Edoardo Ferrario e Luca Ravenna",
      "uri": "spotify:show:7CNrHEY2S3qgoCPmN5wQci"
    },
    {
      "name": "Caffè Design",
      "publisher": "Caffè Design",
      "uri": "spotify:show:2xBIU3k8M9QxEMKXMOfIY2"
    },
    {
      "name": "Creatività al lavoro",
      "publisher": "Giovanni Lucarelli",
      "uri": "spotify:show:3FEMAbiLkDWhTjMBJvHzif"
    },
    {
      "name": "Dj Nello ",
      "publisher": "Dj Nello",
      "uri": "spotify:show:6yklYQFe4zjXUzhH4Exel2"
    },
    {
      "name": "Espresso English Podcast",
      "publisher": "Shayna",
      "uri": "spotify:show:3apZ4F9LH9oI6DIjiQl6zR"
    },
    {
      "name": "Fottuti geni",
      "publisher": "storielibere.fm",
      "uri": "spotify:show:1sGKvssAfhuN7a6sQtLMKF"
    },
    {
      "name": "Hacking Creativity",
      "publisher": "Hacking Creativity",
      "uri": "spotify:show:2iqGvJrjcLfv6jBSrlwsnG"
    },
    {
      "name": "Il Tech delle cinque",
      "publisher": "SmartWorld",
      "uri": "spotify:show:0VROdTMVKKuM5fiecuopEm"
    },
    {
      "name": "STORIE DI BRAND",
      "publisher": "MASSIMO CORONA",
      "uri": "spotify:show:1HeVZSRqmiKzpBYp7k8utS"
    },
    {
      "name": "Start - Le notizie del Sole 24 Ore",
      "publisher": "Il Sole 24 Ore",
      "uri": "spotify:show:0tbtlfiFG6pK91TiARb9vQ"
    },
    {
      "name": "The Essential",
      "publisher": "Will Media - Mia Ceran",
      "uri": "spotify:show:43A9fUmUbLYaHKSi1lAtn5"
    },
    {
      "name": "The Tim Ferriss Show",
      "publisher": "Tim Ferriss: Bestselling Author, Human Guinea Pig",
      "uri": "spotify:show:5qSUyCrk9KR69lEiXbjwXM"
    },
    {
      "name": "The future of...",
      "publisher": "ABB Italia",
      "uri": "spotify:show:4IStfvpMf0dSFSg3NyyV2i"
    },
    {
      "name": "Weekly News by Marketing Espresso 🗞",
      "publisher": "Marketing Espresso",
      "uri": "spotify:show:3QFbDax5ckTAEZahQxP7fc"
    }
  ],
  "episodes": [
    {
      "name": "Future of work",
      "show": "The future of...",
      "uri": "spotify:episode:4FnbNL9GIWGXOmwc2ZhPrl"
    }
  ],
  "bannedTracks": [
  ],
  "artists": [
    {
      "name": "Afrojack",
      "uri": "spotify:artist:4D75GcNG95ebPtNvoNVXhz"
    },
    {
      "name": "Axwell",
      "uri": "spotify:artist:1xNmvlEiICkRlRGqlNFZ43"
    },
    {
      "name": "Axwell /\\ Ingrosso",
      "uri": "spotify:artist:2XnBwblw31dfGnspMIwgWz"
    },
    {
      "name": "BNK",
      "uri": "spotify:artist:5LamayS1l19zJmTcv6y5es"
    },
    {
      "name": "Bepi & The Prismas",
      "uri": "spotify:artist:2L1cXJKD1jcDLsnbdcNiuY"
    },
    {
      "name": "Bingo Players",
      "uri": "spotify:artist:1pbHrVayIcVpHI9z97u4bK"
    },
    {
      "name": "Borgeous",
      "uri": "spotify:artist:4uiMn2g0pgTrhN096QJhbp"
    },
    {
      "name": "Carnage",
      "uri": "spotify:artist:7CCjtD0hCK005Bvg2WG1a7"
    },
    {
      "name": "Cedric Gervais",
      "uri": "spotify:artist:4Wjf8diP59VmPG7fi4y724"
    },
    {
      "name": "Chris Lake",
      "uri": "spotify:artist:5Igpc9iLZ3YGtKeYfSrrOE"
    },
    {
      "name": "Daddy's Groove",
      "uri": "spotify:artist:3kcQ94iDBwumLfddrCrse8"
    },
    {
      "name": "David Guetta",
      "uri": "spotify:artist:1Cs0zKBU1kc0i8ypK3B9ai"
    },
    {
      "name": "Dimitri Vegas & Like Mike",
      "uri": "spotify:artist:73jBynjsVtofjRpdpRAJGk"
    },
    {
      "name": "Dj Nello",
      "uri": "spotify:artist:3Rl6LInW8ui2cEUsaqwE9q"
    },
    {
      "name": "DubVision",
      "uri": "spotify:artist:3XINWZaloea97SIRiyTJxX"
    },
    {
      "name": "Fedde Le Grand",
      "uri": "spotify:artist:7dc6hUwyuIhrZdh80eaCEE"
    },
    {
      "name": "Feenixpawl",
      "uri": "spotify:artist:5FvlJcXnFIm72pgQtW3Dct"
    },
    {
      "name": "Hardwell",
      "uri": "spotify:artist:6BrvowZBreEkXzJQMpL174"
    },
    {
      "name": "John Dahlbäck",
      "uri": "spotify:artist:15xvsJMf8phaNa1LYvL9Qv"
    },
    {
      "name": "Jovanotti",
      "uri": "spotify:artist:7tmMPdOmFvdRvbj2aWoiRi"
    },
    {
      "name": "Kaskade",
      "uri": "spotify:artist:6TQj5BFPooTa08A7pk8AQ1"
    },
    {
      "name": "Lana Del Rey",
      "uri": "spotify:artist:00FQb4jTyendYWaN8pK0wa"
    },
    {
      "name": "Michael Calfan",
      "uri": "spotify:artist:4CuipEvwcoQggmCV8jpKF9"
    },
    {
      "name": "Milky Chance",
      "uri": "spotify:artist:1hzfo8twXdOegF3xireCYs"
    },
    {
      "name": "Robaer",
      "uri": "spotify:artist:6W9GI0QPqUZkyhTxBMUAi5"
    },
    {
      "name": "Steve Angello",
      "uri": "spotify:artist:4FqPRilb0Ja0TKG3RS3y4s"
    }
  ],
  "bannedArtists": [
  ],
  "other": [
  ]
}